{
    "observation.state": {
        "mean": [
            2.5634613037109375,
            9.858694076538086,
            8.177573204040527,
            -0.18289189040660858,
            0.10808420926332474,
            -1.7528594732284546,
            -1.0937963724136353,
            -2.252929210662842,
            -1.6664577722549438,
            89.99999237060547,
            37.77497482299805,
            -122.4194107055664,
            8.177573204040527
        ],
        "std": [
            3.2475051879882812,
            7.835271835327148,
            5.092848777770996,
            0.16155649721622467,
            0.11502965539693832,
            0.3221915364265442,
            1.2168781757354736,
            2.0348854064941406,
            0.7534188628196716,
            5.8024420738220215,
            7.197151717264205e-05,
            5.425459676189348e-05,
            5.092848777770996
        ],
        "min": [
            -0.12352926284074783,
            -1.500983476638794,
            0.0,
            -0.30000001192092896,
            -0.30000001192092896,
            -2.139817714691162,
            -3.241842031478882,
            -4.867963790893555,
            -2.530461549758911,
            80.0,
            37.77488708496094,
            -122.41940307617188,
            0.0
        ],
        "max": [
            10.119132041931152,
            20.637310028076172,
            15.67023754119873,
            0.30000001192092896,
            0.30000001192092896,
            2.3599424362182617,
            5.0,
            5.0,
            5.0,
            100.0,
            37.77508544921875,
            -122.41928100585938,
            15.67023754119873
        ],
        "q01": [
            -0.0711026468127966,
            -1.3021515035629272,
            0.15670237220823766,
            -0.30000001192092896,
            -0.0749332495778799,
            -2.0472838473320008,
            -3.206714835166931,
            -4.814657273292542,
            -2.503989083766937,
            80.19999900817871,
            37.77488708496094,
            -122.41940307617188,
            0.15670237220823766
        ],
        "q99": [
            10.05777388572693,
            20.63350118637085,
            15.665556001663209,
            0.299666465818882,
            0.30000001192092896,
            -1.5057646799087525,
            0.5974882280826564,
            3.022309846878051,
            -0.051986811161041736,
            99.80000099182129,
            37.77508544921875,
            -122.4192886352539,
            15.665556001663209
        ]
    },
    "action": {
        "mean": [
            0.8301975727081299,
            -0.18316873908042908,
            0.1078454852104187,
            -1.7524551153182983,
            -1.0274826288223267,
            -1.9993263483047485,
            -1.5756583213806152,
            -0.3352229595184326,
            -0.00011164652823936194
        ],
        "std": [
            0.10880985856056213,
            0.1614270657300949,
            0.11550991237163544,
            0.3216736912727356,
            1.7503372430801392,
            4.804599285125732,
            1.9413952827453613,
            0.17207176983356476,
            0.019249480217695236
        ],
        "min": [
            0.0929189994931221,
            -0.3261679708957672,
            -0.3027624487876892,
            -2.1354150772094727,
            -3.0657269954681396,
            -4.783387660980225,
            -2.3623275756835938,
            -0.5,
            -0.045931726694107056
        ],
        "max": [
            0.9554581642150879,
            0.3127851188182831,
            0.3242550194263458,
            2.3563385009765625,
            17.827674865722656,
            59.83404541015625,
            24.627405166625977,
            -0.0,
            0.059478435665369034
        ],
        "q01": [
            0.6549504029750824,
            -0.31495046883821487,
            -0.08296702787280083,
            -2.041847083568573,
            -3.0631992697715758,
            -4.7807237243652345,
            -2.362088918685913,
            -0.5,
            -0.037792093493044375
        ],
        "q99": [
            0.9538247829675675,
            0.2932092848420143,
            0.309008443057537,
            -1.5017215895652771,
            0.46986558407545087,
            3.0174243664741507,
            -0.07019971374422354,
            -0.007835119166411495,
            0.04248492874205112
        ]
    },
    "timestamp": {
        "mean": [
            4.974999904632568
        ],
        "std": [
            2.8867151737213135
        ],
        "min": [
            0.0
        ],
        "max": [
            9.949999809265137
        ],
        "q01": [
            0.09950000148266554
        ],
        "q99": [
            9.850500373840331
        ]
    },
    "task_index": {
        "mean": [
            0.0
        ],
        "std": [
            0.0
        ],
        "min": [
            0.0
        ],
        "max": [
            0.0
        ],
        "q01": [
            0.0
        ],
        "q99": [
            0.0
        ]
    },
    "annotation.human.task_description": {
        "mean": [
            0.0
        ],
        "std": [
            0.0
        ],
        "min": [
            0.0
        ],
        "max": [
            0.0
        ],
        "q01": [
            0.0
        ],
        "q99": [
            0.0
        ]
    },
    "episode_index": {
        "mean": [
            0.0
        ],
        "std": [
            0.0
        ],
        "min": [
            0.0
        ],
        "max": [
            0.0
        ],
        "q01": [
            0.0
        ],
        "q99": [
            0.0
        ]
    },
    "index": {
        "mean": [
            99.5
        ],
        "std": [
            57.73430633544922
        ],
        "min": [
            0.0
        ],
        "max": [
            199.0
        ],
        "q01": [
            1.99
        ],
        "q99": [
            197.01
        ]
    },
    "next.reward": {
        "mean": [
            0.5459376573562622
        ],
        "std": [
            0.13856783509254456
        ],
        "min": [
            0.08751510083675385
        ],
        "max": [
            0.8432976007461548
        ],
        "q01": [
            0.3429712116718292
        ],
        "q99": [
            0.7481867945194244
        ]
    },
    "next.done": {
        "mean": [
            0.004999999888241291
        ],
        "std": [
            0.07053367793560028
        ],
        "min": [
            0.0
        ],
        "max": [
            1.0
        ],
        "q01": [
            0.0
        ],
        "q99": [
            0.0
        ]
    }
}