{
    "observation.state": {
        "mean": [
            3.069061756134033,
            -1.3181543350219727,
            14.724373817443848,
            0.03992868587374687,
            0.10607076436281204,
            1.413189172744751,
            -1.1616015434265137,
            0.3453388512134552,
            -3.0025389194488525,
            90.00000762939453,
            37.774810791015625,
            -122.42025756835938,
            14.724373817443848
        ],
        "std": [
            7.876953601837158,
            7.720661640167236,
            9.194185256958008,
            0.16550706326961517,
            0.15055398643016815,
            1.6483010053634644,
            1.6965893507003784,
            1.849552035331726,
            1.191590666770935,
            5.8024420738220215,
            0.00010403407941339538,
            0.0008970196940936148,
            9.194185256958008
        ],
        "min": [
            -9.600777626037598,
            -18.0006103515625,
            0.0,
            -0.30000001192092896,
            -0.30000001192092896,
            -3.2000925540924072,
            -4.6225504875183105,
            -4.739906311035156,
            -4.694456577301025,
            80.0,
            37.77473831176758,
            -122.41950988769531,
            0.0
        ],
        "max": [
            23.916423797607422,
            20.528583526611328,
            29.61418342590332,
            0.30000001192092896,
            0.30000001192092896,
            3.2260515689849854,
            5.0,
            5.0,
            5.0,
            100.0,
            37.77508544921875,
            -122.41912841796875,
            29.61418342590332
        ],
        "q01": [
            -9.549381399154663,
            -16.390679302215577,
            0.265832301825285,
            -0.30000001192092896,
            -0.2561134675145149,
            -3.1257282304763794,
            -4.420688104629517,
            -4.56887565612793,
            -4.488702211380005,
            80.19999900817871,
            37.77475353240967,
            -122.41950988769531,
            0.265832301825285
        ],
        "q99": [
            23.30506067276001,
            20.436231155395507,
            29.397760009765623,
            0.30000001192092896,
            0.30000001192092896,
            3.1402153992652893,
            2.3933813738822938,
            3.271575210094452,
            0.0,
            99.80000099182129,
            37.77508544921875,
            -122.41913604736328,
            29.397760009765623
        ]
    },
    "action": {
        "mean": [
            0.955365002155304,
            0.039738208055496216,
            0.10615755617618561,
            1.4128954410552979,
            -1.097509741783142,
            0.44088461995124817,
            -2.835634469985962,
            -0.40235716104507446,
            0.0003995060105808079
        ],
        "std": [
            0.08777236193418503,
            0.16579477488994598,
            0.15057367086410522,
            1.6481099128723145,
            2.4739158153533936,
            2.7655088901519775,
            3.4998457431793213,
            0.14760616421699524,
            0.02035495825111866
        ],
        "min": [
            0.15753842890262604,
            -0.3180636167526245,
            -0.3098214566707611,
            -3.2095961570739746,
            -4.467731952667236,
            -4.648824691772461,
            -4.464412212371826,
            -0.5,
            -0.06485187262296677
        ],
        "max": [
            1.0,
            0.318269819021225,
            0.3274698555469513,
            3.236525774002075,
            38.74483108520508,
            58.406856536865234,
            46.54176712036133,
            -0.0,
            0.06931032240390778
        ],
        "q01": [
            0.7706355768442154,
            -0.31216671407222746,
            -0.25685557872056963,
            -3.1337161374092104,
            -4.428619976043701,
            -4.608616809844971,
            -4.45313835144043,
            -0.5,
            -0.04745692074298859
        ],
        "q99": [
            1.0,
            0.3094062975049019,
            0.31473118931055066,
            3.1470743370056153,
            2.3868189024925233,
            3.228138153553009,
            -0.11906528122723171,
            -0.013291614353656823,
            0.046053149662911894
        ]
    },
    "timestamp": {
        "mean": [
            4.974999904632568
        ],
        "std": [
            2.8867151737213135
        ],
        "min": [
            0.0
        ],
        "max": [
            9.949999809265137
        ],
        "q01": [
            0.09950000148266555
        ],
        "q99": [
            9.850500373840331
        ]
    },
    "task_index": {
        "mean": [
            0.0
        ],
        "std": [
            0.0
        ],
        "min": [
            0.0
        ],
        "max": [
            0.0
        ],
        "q01": [
            0.0
        ],
        "q99": [
            0.0
        ]
    },
    "episode_index": {
        "mean": [
            2.0
        ],
        "std": [
            1.4142135381698608
        ],
        "min": [
            0.0
        ],
        "max": [
            4.0
        ],
        "q01": [
            0.0
        ],
        "q99": [
            4.0
        ]
    },
    "index": {
        "mean": [
            99.5
        ],
        "std": [
            57.73430633544922
        ],
        "min": [
            0.0
        ],
        "max": [
            199.0
        ],
        "q01": [
            1.9900000000000002
        ],
        "q99": [
            197.01
        ]
    },
    "next.reward": {
        "mean": [
            0.4378754496574402
        ],
        "std": [
            0.14777061343193054
        ],
        "min": [
            0.04617375135421753
        ],
        "max": [
            0.7343207597732544
        ],
        "q01": [
            0.18889090806245803
        ],
        "q99": [
            0.7008223223686219
        ]
    },
    "next.done": {
        "mean": [
            0.004999999888241291
        ],
        "std": [
            0.07053367793560028
        ],
        "min": [
            0.0
        ],
        "max": [
            1.0
        ],
        "q01": [
            0.0
        ],
        "q99": [
            0.0
        ]
    }
}