{
    "uav_quadcopter": {
        "statistics": {
            "state": {
                "position": {
                    "max": [
                        -1.9001901149749756,
                        -1.5531927347183228,
                        18.618213653564453
                    ],
                    "min": [
                        -12.574666976928711,
                        -6.573840141296387,
                        0.0
                    ],
                    "mean": [
                        -8.294591903686523,
                        -3.1896800994873047,
                        9.715985298156738
                    ],
                    "std": [
                        3.5042567253112793,
                        1.1166192293167114,
                        6.050944805145264
                    ],
                    "q01": [
                        -12.571202487945557,
                        -6.26153648853302,
                        0.18618213698267935
                    ],
                    "q99": [
                        -2.0217852950096136,
                        -1.6033992302417757,
                        18.612651844024658
                    ]
                },
                "orientation": {
                    "max": [
                        0.30000001192092896,
                        0.30000001192092896,
                        1.4811798334121704
                    ],
                    "min": [
                        -0.14256151020526886,
                        -0.30000001192092896,
                        -0.0765654593706131
                    ],
                    "mean": [
                        0.042952995747327805,
                        -0.07705375552177429,
                        0.3186662793159485
                    ],
                    "std": [
                        0.11152786016464233,
                        0.14843502640724182,
                        0.19403040409088135
                    ],
                    "q01": [
                        -0.13003491938114167,
                        -0.30000001192092896,
                        -0.036338901221752165
                    ],
                    "q99": [
                        0.30000001192092896,
                        0.18904760494828216,
                        0.6731142055988307
                    ]
                },
                "velocity": {
                    "max": [
                        3.014192581176758,
                        5.0,
                        5.0
                    ],
                    "min": [
                        -5.0,
                        -1.2019151449203491,
                        -2.992035150527954
                    ],
                    "mean": [
                        0.7398185133934021,
                        0.4132218062877655,
                        -1.9831631183624268
                    ],
                    "std": [
                        1.5143864154815674,
                        1.138274073600769,
                        0.8463152050971985
                    ],
                    "q01": [
                        -1.6705424904823303,
                        -1.2002528727054596,
                        -2.8809770846366884
                    ],
                    "q99": [
                        3.0036033630371093,
                        3.1701239585876464,
                        0.0008960650116197065
                    ]
                },
                "battery": {
                    "max": [
                        100.0
                    ],
                    "min": [
                        80.0
                    ],
                    "mean": [
                        89.99999237060547
                    ],
                    "std": [
                        5.8024420738220215
                    ],
                    "q01": [
                        80.19999900817871
                    ],
                    "q99": [
                        99.80000099182129
                    ]
                },
                "gps": {
                    "max": [
                        37.77488708496094,
                        -122.41941833496094,
                        18.618213653564453
                    ],
                    "min": [
                        37.77484130859375,
                        -122.41954040527344,
                        0.0
                    ],
                    "mean": [
                        37.7748908996582,
                        -122.41976928710938,
                        9.715985298156738
                    ],
                    "std": [
                        2.2105505195213482e-05,
                        0.0002777372137643397,
                        6.050944805145264
                    ],
                    "q01": [
                        37.774845085144044,
                        -122.41954040527344,
                        0.18618213698267935
                    ],
                    "q99": [
                        37.77488708496094,
                        -122.41942596435547,
                        18.612651844024658
                    ]
                }
            },
            "action": {
                "flight_control": {
                    "max": [
                        1.0,
                        0.310469388961792,
                        0.29887187480926514,
                        1.48833167552948
                    ],
                    "min": [
                        0.11039946228265762,
                        -0.1377418041229248,
                        -0.3139980733394623,
                        -0.06890899688005447
                    ],
                    "mean": [
                        0.8875301480293274,
                        0.04211452603340149,
                        -0.07681705802679062,
                        0.319565087556839
                    ],
                    "std": [
                        0.1219785287976265,
                        0.11311309039592743,
                        0.1490633487701416,
                        0.19434480369091034
                    ],
                    "q01": [
                        0.6804481440782547,
                        -0.13245768934488297,
                        -0.3117581382393837,
                        -0.03279201567173004
                    ],
                    "q99": [
                        1.0,
                        0.307099948823452,
                        0.2005897213518619,
                        0.6622679644823068
                    ]
                },
                "velocity_command": {
                    "max": [
                        2.916759490966797,
                        20.695064544677734,
                        29.26045799255371
                    ],
                    "min": [
                        -9.521657943725586,
                        -1.1105588674545288,
                        -2.8067421913146973
                    ],
                    "mean": [
                        0.7218766212463379,
                        0.5047110319137573,
                        -1.8715678453445435
                    ],
                    "std": [
                        1.6313905715942383,
                        1.8046661615371704,
                        2.306593179702759
                    ],
                    "q01": [
                        -1.5314016222953797,
                        -1.1094387221336364,
                        -2.8064587116241455
                    ],
                    "q99": [
                        2.914698390960693,
                        3.1289889097213743,
                        -0.08340609714388898
                    ]
                },
                "gimbal": {
                    "max": [
                        -0.0,
                        0.049002185463905334
                    ],